라야와 마지막 드래곤,10
시선 1318,1
극장판 귀멸의 칼날: 무한열차편,10
미나리,10
극장판 귀멸의 칼날: 무한열차편,10
라야와 마지막 드래곤,10
중경삼림,10
소울,10
라야와 마지막 드래곤,8
라야와 마지막 드래곤,10
마이 걸,8
블랙,10
첨밀밀,10
기담,10
극장판 귀멸의 칼날: 무한열차편,10
극장판 귀멸의 칼날: 무한열차편,10
라야와 마지막 드래곤,1
공포분자,8
영혼의 순례길,10
극장판 귀멸의 칼날: 무한열차편,9
관상,10
UFO 스케치,10
극장판 귀멸의 칼날: 무한열차편,10
중경삼림,8
머니백,7
해변의 에트랑제,10
승리호,2
맨 인 더 다크,10
미나리,2
라야와 마지막 드래곤,10
미나리,1
미나리,6
로그 원: 스타워즈 스토리,10
미나리,10
벤자민 버튼의 시간은 거꾸로 간다,10
미나리,8
극장판 귀멸의 칼날: 무한열차편,10
뱅가드,2
극장판 귀멸의 칼날: 무한열차편,10
미나리,10
미나리,10
죽지않는 인간들의 밤,1
극장판 귀멸의 칼날: 무한열차편,10
해피 투게더,8
이 안에 외계인이 있다,10
영도,8
세상의 모든 디저트: 러브 사라,6
더블패티,10
12번째 솔저,10
프랑켄슈타인,10
UFO 스케치,5
극장판 귀멸의 칼날: 무한열차편,10
극장판 귀멸의 칼날: 무한열차편,10
미나리,8
파이란,10
톰과 제리,9
캐롤,10
승리호,4
극장판 귀멸의 칼날: 무한열차편,10
아웃포스트,10
시간위의 집,6
걸스 오브 막시,10
미나리,8
반지의 제왕: 왕의 귀환,10
미나리,10
반지의 제왕: 두 개의 탑,10
극장판 귀멸의 칼날: 무한열차편,10
미나리,8
도굴,4
극장판 귀멸의 칼날: 무한열차편,10
반지의 제왕: 반지 원정대,10
미나리,10
미나리,9
유랑지구,10
서유기 - 월광보합,10
미쓰백,10
라야와 마지막 드래곤,10
UFO 스케치,10
패신저스,8
서유기 2 - 선리기연,10
새해전야,1
끝까지 간다,9
극장판 귀멸의 칼날: 무한열차편,1
극장판 귀멸의 칼날: 무한열차편,10
해피 투게더,10
미녀와 야수,9
미나리,8
미나리,10
미나리,6
라야와 마지막 드래곤,10
미나리,6
소울,8
미나리,10
마녀,9
라야와 마지막 드래곤,10
라야와 마지막 드래곤,2
극장판 귀멸의 칼날: 무한열차편,10
소울,10
퍼펙트 케어,10
극장판 귀멸의 칼날: 무한열차편,2
덕구,10
미나리,8
라야와 마지막 드래곤,8
소울,6
트라이앵글,1
새해전야,10
헌트,10
쁘떼뜨,10
극장판 귀멸의 칼날: 무한열차편,9
죽은 시인의 사회,10
맨 오브 스틸,10
극장판 귀멸의 칼날: 무한열차편,10
옛날 옛적 서부에서,10
생사결,8
포스 카인드,6
해피뻐스데이,8
중경삼림,10
26년,8
핵소 고지,9
소울,8
먼 훗날 우리,10
중경삼림,10
미나리,10
미나리,5
퍼펙트 케어,2
127 시간,7
라야와 마지막 드래곤,10
삼진그룹 영어토익반,10
미나리,2
미드소마,7
극장판 귀멸의 칼날: 무한열차편,10
미나리,8
극장판 귀멸의 칼날: 무한열차편,10
변호인,10
퍼펙트 케어,2
죽지않는 인간들의 밤,1
웰컴 투 동막골,10
미나리,10
다만 악에서 구하소서,8
라야와 마지막 드래곤,10
먼 훗날 우리,10
쿵푸 허슬,10
화려한 휴가,10
이웃사촌,8
극장판 바이올렛 에버가든,9
UFO 스케치,10
헬렌: 내 영혼의 자화상,10
쁘떼뜨,10
헬로우 고스트,8
꽃피는 봄이 오면,9
플로리다 프로젝트,8
극장판 귀멸의 칼날: 무한열차편,10
중경삼림,9
창공으로,1
미나리,8
라스트 레터,10
쿵푸 허슬,10
톰과 제리,8
소울,9
82년생 김지영,10
미나리,10
승리호,10
승리호,8
라야와 마지막 드래곤,10
판도라,10
라야와 마지막 드래곤,10
82년생 김지영,1
극장판 귀멸의 칼날: 무한열차편,10
미션 파서블,10
소울,10
나무없는 산,10
극장판 귀멸의 칼날: 무한열차편,10
곤지암,1
비긴 어게인,10
#살아있다,2
대부,10
장난스런 키스,9
승리호,10
골든 에이지,6
에반게리온: Q,6
퍼펙트 케어,6
라야와 마지막 드래곤,10
싸움의 기술,7
포비아2,1
극장판 귀멸의 칼날: 무한열차편,10
타이타닉,10
디트로이트,10
소원,9
몬태나,5
미나리,6
라야와 마지막 드래곤,10
킹 아서: 제왕의 검,2
소울,10
라야와 마지막 드래곤,10
미나리,10
해리 포터와 불의 잔,10
극장판 귀멸의 칼날: 무한열차편,10
국가대표,10
국가대표2,10
미나리,10
뮌헨,10
극장판 귀멸의 칼날: 무한열차편,10
미나리,7
우리 선희,2
미나리,10
퍼펙트 케어,10
미나리,8
카오스 워킹,2
결백,10
스파이,10
시간의 끝에서 널 기다려,10
82년생 김지영,1
퍼펙트 겟어웨이,10
태극기 휘날리며,2
삼진그룹 영어토익반,1
퍼펙트 케어,1
맬리스,6
플립,10
미나리,4
미나리,8
구라 베토벤,9
플라이 대디,10
캐리비안의 해적: 죽은 자는 말이 없다,8
펄프 픽션,1
레미제라블,10
원더 우먼 1984,8
미나리,10
셔터 아일랜드,8
나라야마 부시코,6
해치지않아,7
미나리,10
극장판 귀멸의 칼날: 무한열차편,10
극장판 귀멸의 칼날: 무한열차편,10
블러드 라인,6
원더 우먼,10
톰과 제리,10
퍼펙트 케어,10
라스트 레터,7
라스트 레터,6
소울,7
페어웰,7
천녀유혼 2 - 인간도,6
미나리,10
소울,10
라야와 마지막 드래곤,9
극장판 귀멸의 칼날: 무한열차편,4
후궁 : 제왕의 첩,8
그랜 토리노,10
메소드,7
링컨,9
걸스 오브 막시,10
베를린,7
걸스 오브 막시,10
남쪽으로 튀어,8
테넷,10
미나리,10
미나리,10
강남 1970,8
라야와 마지막 드래곤,10
미나리,10
인천상륙작전,8
아수라,10
내 생애 가장 아름다운 일주일,7
소리꾼,1
목소리의 형태,10
미나리,10
극장판 귀멸의 칼날: 무한열차편,10
명탐정 피카츄,10
반도,8
반도,8
올드보이,9
미스 포터,4
미나리,8
신입사원 얄개,1
극장판 귀멸의 칼날: 무한열차편,10
미나리,10
아홉수 로맨스,1
미나리,1
미나리,2
맬컴과 마리,8
미나리,10
미나리,10
시월애,7
골든슬럼버,1
어벤져스: 엔드게임,10
미나리,6
인생,10
극장판 귀멸의 칼날: 무한열차편,8
그린 북,7
운디네,6
우산 속의 세 여자,7
푸른 물고기,7
벤허,10
러브 미 이프 유 데어,10
조선왕조 500년 추동궁 마마,8
솔트,7
마담 뺑덕,2
박화영,2
세자매,10
전설의 라이타,8
공작,2
전설의 라이타,8
승리호,10
공동경비구역 JSA,10
패왕별희 디 오리지널,8
람보 : 라스트 워,8
카피캣,2
극장판 귀멸의 칼날: 무한열차편,10
곤지암,10
악마는 프라다를 입는다,10
메이즈 러너,10
오살,8
국제시장,10
씽,7
아수라,10
극장판 귀멸의 칼날: 무한열차편,10
더블패티,10
밤쉘: 세상을 바꾼 폭탄선언,6
화이트 라이언 찰리,10
메멘토,10
극장판 짱구는 못말려 : 습격!! 외계인 덩덩이,1
남매의 여름밤,10
벤자민 버튼의 시간은 거꾸로 간다,10
전설의 라이타,10
시간이탈자,10
1987,10
에이리언 VS. 프레데터,10
퍼펙트 케어,8
조제,8
반도,2
다이 하드 2,10
연인,8
하트 오브 더 씨,10
몬스터 헌터,4
세자매,10
카오스 워킹,6
온다,6
열혈남아,6
테넷,9
킬러들의 수다,8
인싸,6
사라진 밤,5
악인전,10
존 라베 - 난징 대학살,10
데자뷰,8
나를 기억해,10
변신,8
반도,1
와호장룡,9
숨바꼭질,10
결혼 이야기,10
인사이드 맨,10
변신,5
마지막 늑대,1
늑대아이,10
변신,2
몬스터 헌터,10
밀리언 달러 베이비,10
악의 연대기,8
아홉수 로맨스,3
돈,10
메이즈 러너,2
에이리언 3,2
라야와 마지막 드래곤,10
극장판 귀멸의 칼날: 무한열차편,10
사마에게,8
보물성,9
파란 대문,2
고사: 피의 중간고사,2
미드소마,10
극장판 귀멸의 칼날: 무한열차편,10
패딩턴 2,9
당갈,10
캐리비안의 해적: 죽은 자는 말이 없다,10
극장판 귀멸의 칼날: 무한열차편,10
더 울프 오브 월 스트리트,8
새해전야,3
용서는 없다,1
1917,10
졸업반,6
싱글라이더,10
트랜스포머,10
와이키키 브라더스,10
시크릿 가든,10
극장판 귀멸의 칼날: 무한열차편,10
덕구,10
더 리더: 책 읽어주는 남자,10
승리호,10
나이브스 아웃,7
널 기다리며,10
스파이더맨 2,7
라야와 마지막 드래곤,1
덕구,10
미나리,8
태극기 휘날리며,10
불한당: 나쁜 놈들의 세상,10
극장판 귀멸의 칼날: 무한열차편,10
승리호,10
셰이프 오브 워터: 사랑의 모양,8
세자매,10
더 레이서,8
이웃사촌,8
콜,6
늑대의 유혹,10
팔로우 미,6
나는 공무원이다,1
국가부도의 날,10
패왕별희 디 오리지널,10
짝패,10
7급 공무원,4
핵소 고지,7
7년의 밤,10
삼진그룹 영어토익반,10
내 아내의 모든 것,1
아인,10
라야와 마지막 드래곤,10
파리의 딜릴리,10
해피뻐스데이,9
골든슬럼버,1
킥 애스 2: 겁 없는 녀석들,7
1번가의 기적,10
킥 애스: 영웅의 탄생,7
쌍화점,10
애월,8
미나리,10
더 이퀄라이저,7
UFO 스케치,10
모스트 원티드 맨,10
더 프레데터,1
삼진그룹 영어토익반,2
원더 우먼 1984,2
퍼펙트 케어,4
라야와 마지막 드래곤,10
극장판 귀멸의 칼날: 무한열차편,10
걸스 오브 막시,10
호텔 룸,4
장산범,4
화려한 휴가,10
세자매,10
칼리토,10
트루먼 쇼,10
남자가 사랑할 때,10
쥬라기 공원,10
성난황소,4
극장판 귀멸의 칼날: 무한열차편,10
굿바이 마이 프랜드,10
13일의 금요일,4
오펀: 천사의 비밀,10
톰과 제리,8
빛과 철,8
빛과 철,8
소울,10
미션 파서블,2
그것만이 내 세상,10
콜 미 바이 유어 네임,9
마법의 세계 녹터나,10
미쓰백,10
미션 이스탄불3: 더 리벤지,8
너의 이름은.,10
라야와 마지막 드래곤,9
벤자민 버튼의 시간은 거꾸로 간다,10
중경삼림,10
미션 파서블,9
내가 죽던 날,10
악마는 사라지지 않는다,9
존 큐,9
라야와 마지막 드래곤,10
UFO 스케치,10
너는 내 운명,10
패왕별희 디 오리지널,10
남한산성,10
너의 결혼식,10
윈드 리버,1
극장판 귀멸의 칼날: 무한열차편,10
콜,10
블랙머니,10
젠틀맨,10
오펀: 천사의 비밀,10
미나리,10
공포의 묘지,10
미나리,7
극장판 귀멸의 칼날: 무한열차편,10
명탐정 코난: 진홍의 수학여행,2
미나리,8
미드나잇 버스,8
승리호,2
미나리,10
시크릿 레터,4
젠틀맨,10
창궐,10
원더 우먼,10
인랑,10
미나리,10
세자매,10
극장판 귀멸의 칼날: 무한열차편,10
공작,10
아홉수 로맨스,1
극장판 귀멸의 칼날: 무한열차편,10
위대한 개츠비,10
건축학개론,10
캡틴 마블,8
퍼펙트 케어,8
극장판 귀멸의 칼날: 무한열차편,10
겟 아웃,8
미나리,9
세자매,10
더 이퀄라이저 2,10
내 머리 속의 지우개,10
황해,8
승리호,10
1987,10
쇼생크 탈출,10
이스케이프,10
만신,10
톰과 제리,7
레컨,2
원더 우먼 1984,2
중경삼림,10
보통사람,7
패밀리 맨,10
조디악,8
월요일이 사라졌다,1
마리 퀴리,6
러브레터,10
남자가 사랑할 때,10
라야와 마지막 드래곤,8
소셜포비아,10
아비정전,8
미나리,3
크레이지,8
1987,10
극장판 귀멸의 칼날: 무한열차편,10
미나리,10
지금 만나러 갑니다,8
극장판 귀멸의 칼날: 무한열차편,8
덕구,10
분노,4
퍼펙트 케어,10
안녕 나의 소녀 시절이여,10
미나리,10
크래쉬,4
피아니스트의 전설,10
죽지않는 인간들의 밤,8
중경삼림,10
폴 프롬 그레이스,7
리틀 포레스트,10
글래스,1
오직 그대만,7
이미테이션 게임,7
설국열차,10
마약왕,9
트라이앵글,9
엘리트 스쿼드 2,6
극장판 귀멸의 칼날: 무한열차편,10
꾼,10
썸머타임: 아름다운 계절,8
기생충,6
내 이름은 칸,10
사냥의 시간,10
엘리자베스타운,9
미나리,6
미나리,8
담보,10
퍼시픽 림: 업라이징,1
스탠바이 웬디,10
씨 오브 트리스,10
중경삼림,10
극장판 귀멸의 칼날: 무한열차편,10
구라 베토벤,10
더 룸,10
오퍼레이티브,1
극장판 귀멸의 칼날: 무한열차편,10
극장판 귀멸의 칼날: 무한열차편,10
겟 아웃,6
소울,8
중경삼림,10
더 바,5
불초자 열혈남아,10
미나리,10
UFO 스케치,9
라야와 마지막 드래곤,10
아비정전,7
서울역,1
파란 대문,1
테스,10
버드 박스,9
UFO 스케치,9
판의 미로 - 오필리아와 세 개의 열쇠,10
UFO 스케치,10
오늘부터 히어로,10
몬스터 헌터,2
미나리,10
팔로우 미,1
나이브스 아웃,10
미나리,10
극장판 귀멸의 칼날: 무한열차편,10
극장판 귀멸의 칼날: 무한열차편,10
화려한 휴가,10
밤의 해변에서 혼자,10
극장판 귀멸의 칼날: 무한열차편,10
미나리,6
모글리: 정글의 전설,10
50가지 그림자: 해방,1
라야와 마지막 드래곤,8
장산범,1
죽지않는 인간들의 밤,8
미나리,8
친절한 금자씨,10
고스트 메신저 극장판,10
더 테이블,10
오피셜 시크릿,9
중경삼림,10
미나리,8
바스켓볼 다이어리,8
미나리,8
나의 청춘은 너의 것,10
죄 많은 소녀,10
무뢰한,10
반드시 잡는다,10
왕의 남자,10
미나리,9
라야와 마지막 드래곤,10
극장판 귀멸의 칼날: 무한열차편,10
소울,8
극장판 귀멸의 칼날: 무한열차편,10
오픈 유어 아이즈,8
카잔자키스,3
어바웃 타임,10
라야와 마지막 드래곤,9
미나리,8
미션 파서블,8
UFO 스케치,10
더블패티,10
극장판 귀멸의 칼날: 무한열차편,10
귀향,9
미나리,10
극장판 귀멸의 칼날: 무한열차편,10
몬스터 헌터,9
극장판 귀멸의 칼날: 무한열차편,10
미나리,6
미나리,10
아메리칸 패스토럴,9
겨울왕국 2,10
극장판 귀멸의 칼날: 무한열차편,10
더블패티,4
둠스데이 - 지구 최후의 날,4
퍼펙트 케어,10
퍼펙트 케어,8
흐르는 강물처럼,10
중경삼림,10
소울,10
미나리,10
어바웃 타임,4
러브레터,4
어바웃 타임,10
엽기적인 그녀,1
보헤미안 랩소디,10
배틀쉽,4
Io,1
미나리,8
미나리,8
커넥트,10
극장판 귀멸의 칼날: 무한열차편,10
반도,1
극장판 귀멸의 칼날: 무한열차편,8
죽지않는 인간들의 밤,6
소울,10
카오스 워킹,2
미션 파서블,10
미나리,2
미션 파서블,10
블랙잭,10
그랜드파더,10
극장판 귀멸의 칼날: 무한열차편,10
버팔로 66,10
이터널 선샤인,10
라야와 마지막 드래곤,8
해피 투게더,9
극장판 귀멸의 칼날: 무한열차편,10
레컨,2
미션 파서블,9
미나리,6
에이리언 VS. 프레데터 2,3
타이타닉 2,2
아메리칸 히스토리 X,8
원더 우먼 1984,1
미나리,8
파란 대문,1
극장판 귀멸의 칼날: 무한열차편,10
82년생 김지영,1
오펀: 천사의 비밀,10
더 콜러,5
혐오스런 마츠코의 일생,10
극장판 귀멸의 칼날: 무한열차편,10
그렇게 아버지가 된다,10
미션 파서블,6
소년시절의 너,8
퍼펙트 케어,6
싱글라이더,8
미나리,10
감기,1
라야와 마지막 드래곤,7
어메이징 스파이더맨,6
중경삼림,1
청춘 돼지는 꿈꾸는 소녀의 꿈을 꾸지 않는다,10
소공녀,9
미나리,10
극장판 귀멸의 칼날: 무한열차편,10
이프 온리,10
소리꾼,10
미나리,8
라스트 레터,9
라이터를 켜라,10
1987,10
극장판 귀멸의 칼날: 무한열차편,10
나쁜 녀석들 2,9
더 게스트,6
미나리,10
라스트 레터,4
미나리,10
미나리,8
극장판 귀멸의 칼날: 무한열차편,10
머니백,2
코코,10
극장판 귀멸의 칼날: 무한열차편,10
극장판 귀멸의 칼날: 무한열차편,10
UFO 스케치,10
청설,9
미나리,10
자기 앞의 생,9
극장판 귀멸의 칼날: 무한열차편,10
기사 윌리엄,10
라야와 마지막 드래곤,6
볼케이노,10
공수도,8
극장판 귀멸의 칼날: 무한열차편,10
여인의 향기,8
라야와 마지막 드래곤,10
해피 투게더,10
극장판 귀멸의 칼날: 무한열차편,10
검객,10
라야와 마지막 드래곤,10
중경삼림,8
너의 결혼식,10
파란 대문,10
구라 베토벤,8
미나리,9
이 안에 외계인이 있다,1
아메리칸 싸이코,10
이웃사촌,4
UFO 스케치,9
소울,10
미나리,7
몰리스 게임,10
미나리,4
조선왕조 500년 뿌리 깊은 나무,8
몬스터 헌터,1
박순경,7
다이 하드,10
극장판 귀멸의 칼날: 무한열차편,10
소울,10
여고 졸업반,7
극장판 귀멸의 칼날: 무한열차편,10
미나리,8
걸캅스,1
미나리,10
미션 파서블,8
미나리,9
판도라,1
더 폴: 오디어스와 환상의 문,8
중경삼림,10
극장판 귀멸의 칼날: 무한열차편,10
그린 존,10
날씨의 아이,7
타임스케이프,7
콜 미 바이 유어 네임,10
극장판 귀멸의 칼날: 무한열차편,10
극장판 귀멸의 칼날: 무한열차편,10
쓰리데이즈 투 킬,7
팔로우 미,1
미나리,8
극장판 귀멸의 칼날: 무한열차편,10
리:본,8
미나리,4
야구소녀,5
쿵푸 허슬,10
극장판 귀멸의 칼날: 무한열차편,10
카오스 워킹,3
쥬라기 월드: 폴른 킹덤,5
국가부도의 날,10
파도가 지나간 자리,10
라야와 마지막 드래곤,10
극장판 귀멸의 칼날: 무한열차편,10
타락천사,9
시간이탈자,10
극장판 귀멸의 칼날: 무한열차편,10
라야와 마지막 드래곤,6
라야와 마지막 드래곤,10
타락천사,8
국가부도의 날,2
미나리,10
아티스트,10
극장판 귀멸의 칼날: 무한열차편,8
극장판 귀멸의 칼날: 무한열차편,10
국제시장,10
더 레이서,10
덕구,10
그것만이 내 세상,10
서울역,1
미션 파서블,1
최악의 하루,1
소년시절의 너,10
맨 온 렛지,10
가베: 그녀의 숲,7
라야와 마지막 드래곤,9
파란 대문,1
파계,3
중경삼림,7
몬스터,7
미나리,10
코코,10
풀 스피드,10
겨울왕국 2,10
세자매,8
소울,10
레이디스 나잇,2
새해전야,10
극장판 귀멸의 칼날: 무한열차편,8
구라 베토벤,9
세 얼간이,10
이제 그만 끝낼까 해,1
극장판 귀멸의 칼날: 무한열차편,10
죽음의 트럭,2
개 같은 것들,10
톰과 제리,10
극장판 귀멸의 칼날: 무한열차편,10
조제,10
유아 넥스트,10
플립,10
국가부도의 날,10
스물,10
차인표,4
극장판 귀멸의 칼날: 무한열차편,10
미나리,8
소울,10
극장판 귀멸의 칼날: 무한열차편,10
극장판 귀멸의 칼날: 무한열차편,10
라야와 마지막 드래곤,10
라야와 마지막 드래곤,10
라야와 마지막 드래곤,10
미나리,10
퍼펙트 케어,2
미나리,9
젊은이의 양지,3
남매의 여름밤,3
스윈들러,4
승리호,10
극장판 귀멸의 칼날: 무한열차편,8
해바라기,10
헬렌: 내 영혼의 자화상,9
구라 베토벤,10
톰과 제리,8
클로젯,2
미션 파서블,1
극장판 귀멸의 칼날: 무한열차편,10
인비저블맨,8
미나리,1
연평해전,10
해리 포터와 혼혈 왕자,10
중경삼림,10
극장판 귀멸의 칼날: 무한열차편,10
라야와 마지막 드래곤,10
라야와 마지막 드래곤,10
극장판 귀멸의 칼날: 무한열차편,10
암전,10
라스트 레터,10
우리는 언제나 성에 살았다,5
위험한 정사,8
안녕 나의 소울메이트,10
트립 투 하코네,2
4인용 식탁,10
라야와 마지막 드래곤,10
미나리,9
발렌타인 데이,2
옹박: 더 레전드,9
라야와 마지막 드래곤,10
극장판 귀멸의 칼날: 무한열차편,10
사랑하기 때문에,6
동네사람들,10
미나리,7
안녕 베일리,10
베일리 어게인,10
더 웨이 홈,10
세자매,10
아마겟돈,10
라야와 마지막 드래곤,10
소울,10
우아한 거짓말,10
미나리,6
세자매,10
극장판 귀멸의 칼날: 무한열차편,10
중경삼림,8
미나리,8
세상에서 가장 아름다운 이별,4
승리호,10
머니백,2
극장판 귀멸의 칼날: 무한열차편,2
극장판 귀멸의 칼날: 무한열차편,8
콘스탄틴,10
극장판 귀멸의 칼날: 무한열차편,10
극장판 귀멸의 칼날: 무한열차편,8
라야와 마지막 드래곤,10
미나리,1
탐정: 리턴즈,8
미나리,9
킬 빌 - 1부,8
소울,10
날씨의 아이,10
미나리,10
미나리,10
인싸,6
극장판 귀멸의 칼날: 무한열차편,10
중경삼림,9
도망친 여자,7
엽문4: 더 파이널,1
미나리,2
미나리,8
극장판 귀멸의 칼날: 무한열차편,10
명당,8
해리 포터와 마법사의 돌,10
카오스 워킹,6
아홉수 로맨스,10
극장판 귀멸의 칼날: 무한열차편,10
국가부도의 날,10
극장판 귀멸의 칼날: 무한열차편,10
라야와 마지막 드래곤,10
미션 파서블,10
라야와 마지막 드래곤,8
탐정: 리턴즈,10
라야와 마지막 드래곤,10
우리들,8
밤빛,9
극장판 귀멸의 칼날: 무한열차편,10
라스트 레터,6
더 보이,5
미션 파서블,6
국제수사,6
미나리,4
소년시절의 너,9
세자매,6
고질라: 킹 오브 몬스터,9
명량,10
성난황소,4
미나리,10
블랙 47,10
최종병기 활,6
미나리,10
미나리,8
소울,6
너의 췌장을 먹고 싶어,1
아스팔트 사나이,7
톰과 제리,10
미나리,8
중경삼림,10
극장판 귀멸의 칼날: 무한열차편,10
소울,10
미나리,10
승리호,10
댄스 타운,1
미션 파서블,10
승리호,8
중경삼림,10
미나리,8
무뢰한,8
소울,5
소용돌이,2
첨밀밀,10
카오스 워킹,6
극장판 귀멸의 칼날: 무한열차편,10
캐롤,10
윤희에게,10
이웃사촌,5
진짜로 일어날지도 몰라 기적,10
파란 대문,1
라야와 마지막 드래곤,10
미나리,7
미나리,8
극장판 귀멸의 칼날: 무한열차편,10
소울,8
해빙,10
소울,8
날씨의 아이,7
소울,10
캐치 미 이프 유 캔,10
미나리,10
미나리,1
미나리,6
인생은 아름다워,9
빅 피쉬,7
극장판 귀멸의 칼날: 무한열차편,10